timestamp,vx,distancia
2025-07-19T05:19:11.675174,0.1659075327364401,28.457
2025-07-19T05:19:11.751999,0.0743617837457089,28.855
2025-07-19T05:19:11.818363,0.08997506623676543,29.0
2025-07-19T05:19:11.920206,0.11186353923488183,29.0
2025-07-19T05:19:12.064054,0.1366524749348705,28.855
2025-07-19T05:19:12.220025,0.13572915238045027,28.8
2025-07-19T05:19:12.328061,0.1323454608415502,28.8
2025-07-19T05:19:12.404470,0.16572641114799114,28.656
2025-07-19T05:19:12.509356,0.079830988334213,29.0
2025-07-19T05:19:12.571987,-0.015191924689152494,29.492
2025-07-19T05:19:12.644624,0.2279575901158225,28.8
2025-07-19T05:19:12.700877,0.09269973336968865,28.944
2025-07-19T05:19:12.761801,0.11839577176305917,28.944
2025-07-19T05:19:12.813871,0.07634269122899151,29.088
2025-07-19T05:19:12.878576,0.08961029972983035,29.145
2025-07-19T05:19:12.932418,0.21433020206065406,28.743
2025-07-19T05:19:12.986726,0.0820757883922539,28.944
2025-07-19T05:19:13.036290,0.0579886638175248,29.145
2025-07-19T05:19:13.093871,0.15363963433314853,28.944
2025-07-19T05:19:13.149707,0.06265236145449035,29.145
2025-07-19T05:19:13.200388,0.03890058834219446,29.346
2025-07-19T05:19:13.257679,0.24474422337848284,28.743
2025-07-19T05:19:13.309510,0.02106061492325216,29.145
2025-07-19T05:19:13.362850,0.09886894774424784,29.145
2025-07-19T05:19:13.416124,0.09891492621740847,29.145
2025-07-19T05:19:13.476890,0.09896690238047753,29.145
2025-07-19T05:19:13.528373,0.20057387713274233,28.8
2025-07-19T05:19:13.576265,0.08910390550779371,28.944
2025-07-19T05:19:13.629208,0.13599000332400668,28.886
2025-07-19T05:19:13.681336,-0.009144949749940054,29.346
2025-07-19T05:19:13.743706,0.09369740655458732,29.29
2025-07-19T05:19:13.794763,0.1705843698262821,29.0
2025-07-19T05:19:13.859371,0.07688455910300644,29.145
2025-07-19T05:19:13.914778,0.14004489447985233,29.0
2025-07-19T05:19:13.973108,0.1291491969205251,28.944
2025-07-19T05:19:14.024390,0.04398036065465756,29.2
2025-07-19T05:19:14.079062,0.09402450291235147,29.2
2025-07-19T05:19:14.134585,0.09406905878915132,29.2
2025-07-19T05:19:14.208404,0.059725096054918186,29.346
2025-07-19T05:19:14.290875,0.20058375780267684,28.8
2025-07-19T05:19:14.357684,0.011993435008603628,29.29
2025-07-19T05:19:14.417644,0.21584619397711652,28.8
2025-07-19T05:19:14.488057,0.05071857614780064,29.145
2025-07-19T05:19:14.543632,0.11585162426917521,29.088
2025-07-19T05:19:14.606196,0.053170086717663656,29.29
2025-07-19T05:19:14.661577,0.16684628170616478,29.0
2025-07-19T05:19:14.717993,0.17008279219674832,28.8
2025-07-19T05:19:14.790896,-0.02961102997966776,29.492
2025-07-19T05:19:14.849371,0.10512900961766605,29.346
2025-07-19T05:19:14.934001,0.08014473515419869,29.346
2025-07-19T05:19:14.986428,0.08017902237557423,29.346
2025-07-19T05:19:15.034547,0.08021048090110851,29.346
2025-07-19T05:19:15.099627,0.08025302277576102,29.346
2025-07-19T05:19:15.140060,0.15027928373400112,29.145
2025-07-19T05:19:15.178817,0.1521436007680023,29.0
2025-07-19T05:19:15.215751,0.11496335415625585,29.0
2025-07-19T05:19:15.258543,0.22978315875443667,28.656
2025-07-19T05:19:15.297450,-0.02518222066498607,29.145
2025-07-19T05:19:15.335950,0.1734557865841022,28.944
2025-07-19T05:19:15.377382,0.12073857896613309,28.944
2025-07-19T05:19:15.418249,0.05145377555263479,29.145
2025-07-19T05:19:15.459026,0.22029559728636122,28.8
2025-07-19T05:19:15.508216,0.0481634350726491,29.088
2025-07-19T05:19:15.550031,0.27198034127748005,28.6
2025-07-19T05:19:15.590700,-0.06321238353572828,29.232
2025-07-19T05:19:15.631883,0.1909338024146024,28.944
2025-07-19T05:19:15.666746,-0.034431051510784516,29.346
2025-07-19T05:19:15.713535,0.14395606414047468,29.145
2025-07-19T05:19:15.770279,0.04548809328335401,29.346
2025-07-19T05:19:15.816803,0.08093083777242385,29.346
2025-07-19T05:19:15.853088,0.1565075743539976,29.145
2025-07-19T05:19:15.896007,0.12007543345019761,29.088
2025-07-19T05:19:15.939280,-0.0938205392519261,29.694
2025-07-19T05:19:15.980847,0.18430964818860313,29.29
2025-07-19T05:19:16.025964,0.021931382011413016,29.492
2025-07-19T05:19:16.066130,-0.05531810196524542,29.841
2025-07-19T05:19:16.113227,0.0315804643315524,29.841
2025-07-19T05:19:16.151433,0.03158659152772719,29.841
2025-07-19T05:19:16.195422,0.03159357930901747,29.841
2025-07-19T05:19:16.232467,0.01127219978887067,29.896
2025-07-19T05:19:16.267618,-0.03086112084883949,30.044
2025-07-19T05:19:16.312377,0.1729817211180898,29.547
2025-07-19T05:19:16.356832,-0.1174631289597488,30.098
2025-07-19T05:19:16.407893,-0.08205386339984609,30.396
2025-07-19T05:19:16.450717,0.09344330684230312,30.044
2025-07-19T05:19:16.496378,0.011287440077605893,30.044
2025-07-19T05:19:16.537679,0.011285619830121812,30.044
2025-07-19T05:19:16.575619,0.08505501185627443,29.841
2025-07-19T05:19:16.620884,-0.033520530968186815,30.044
2025-07-19T05:19:16.659984,-0.008078154853081665,30.098
2025-07-19T05:19:16.698910,0.14922082026215341,29.694
2025-07-19T05:19:16.737749,-0.006301514906716252,29.841
2025-07-19T05:19:16.776489,0.1562244557082657,29.492
2025-07-19T05:19:16.818068,-0.1214428276125831,30.044
2025-07-19T05:19:16.854959,0.16207386537957919,29.638
2025-07-19T05:19:16.895779,-0.08808690811742156,30.044
2025-07-19T05:19:16.932978,0.2150812039904943,29.492
2025-07-19T05:19:16.976769,-0.1633563267905072,30.192
2025-07-19T05:19:17.021773,0.06224093673440001,29.988
2025-07-19T05:19:17.063659,0.04812027673442892,29.896
2025-07-19T05:19:17.115087,-0.061070121112271086,30.192
2025-07-19T05:19:17.155114,0.17067935624087918,29.694
2025-07-19T05:19:17.203890,-0.07687113485663771,30.098
2025-07-19T05:19:17.240644,0.10188070844522532,29.841
2025-07-19T05:19:17.292253,0.07490064718315498,29.694
2025-07-19T05:19:17.341372,0.001864858736354183,29.841
2025-07-19T05:19:17.382152,0.012699444550965945,29.896
2025-07-19T05:19:17.436303,0.026185816896360382,29.896
2025-07-19T05:19:17.501984,0.06357816366472452,29.748
2025-07-19T05:19:17.562103,0.016276386647543432,29.841
2025-07-19T05:19:17.614607,0.058746195483331584,29.748
2025-07-19T05:19:17.679739,0.0032797352991537354,29.896
2025-07-19T05:19:17.749510,-0.009639100488746295,30.044
2025-07-19T05:19:17.804941,0.16591121483400134,29.492
2025-07-19T05:19:17.857120,0.050560718567594094,29.547
2025-07-19T05:19:17.921212,-0.013866843971485417,29.841
2025-07-19T05:19:17.974645,-0.01036428904025695,29.988
2025-07-19T05:19:18.025758,0.0004361851877849633,30.044
2025-07-19T05:19:18.087820,0.06428127447394505,29.841
2025-07-19T05:19:18.147842,-0.022385133138642953,30.044
2025-07-19T05:19:18.201115,-0.11607642151057002,30.488
2025-07-19T05:19:18.265780,0.0047493925942292195,30.34
2025-07-19T05:19:18.320452,-0.018170218305293896,30.34
2025-07-19T05:19:18.377265,-0.10017294999286586,30.636
2025-07-19T05:19:18.449697,-0.182454376394368,31.2
2025-07-19T05:19:18.513834,-0.05138108616348427,30.992
2025-07-19T05:19:18.583951,-0.1704751812053783,31.35
2025-07-19T05:19:18.646849,-0.4011181028432117,32.436
2025-07-19T05:19:18.696267,-0.27458528196806264,32.589
2025-07-19T05:19:18.753374,-0.4633016107097764,33.384
2025-07-19T05:19:18.808773,-0.45472070904283035,33.852
2025-07-19T05:19:18.854642,-0.43920253905922463,34.069
2025-07-19T05:19:18.907990,-0.48302108668947896,34.383
2025-07-19T05:19:18.963474,-0.48528475730878723,34.602
2025-07-19T05:19:19.016045,-0.44625741480288345,34.602
2025-07-19T05:19:19.073590,-0.522677462779781,34.88
2025-07-19T05:19:19.118857,-0.38541889148455205,34.602
2025-07-19T05:19:19.168492,-0.3992887680260336,34.444
2025-07-19T05:19:19.233935,-0.4314570299202839,34.444
2025-07-19T05:19:19.292262,-0.5173018917566004,34.76
2025-07-19T05:19:19.355373,-0.5360634595780186,35.04
2025-07-19T05:19:19.400671,-0.5104877816877615,35.098
2025-07-19T05:19:19.448806,-0.4800890812570031,35.04
2025-07-19T05:19:19.493989,-0.44093392169633,34.88
2025-07-19T05:19:19.545635,-0.5406378133692722,35.098
2025-07-19T05:19:19.606247,-0.44095338146360763,34.88
2025-07-19T05:19:19.660474,-0.5227799001786548,35.04
2025-07-19T05:19:19.713821,-0.5562751399858373,35.259
2025-07-19T05:19:19.777680,-0.6136080479270433,35.64
2025-07-19T05:19:19.832224,-0.49185918333051404,35.42
2025-07-19T05:19:19.880411,-0.48289117283260863,35.259
2025-07-19T05:19:19.941142,-0.6325783662284898,35.697
2025-07-19T05:19:19.988625,-0.4926319343478939,35.478
2025-07-19T05:19:20.045302,-0.4785272339041005,35.259
2025-07-19T05:19:20.088991,-0.6430048163289045,35.64
2025-07-19T05:19:20.142338,-0.5093364351898124,35.478
2025-07-19T05:19:20.198351,-0.613446878635262,35.742
2025-07-19T05:19:20.249633,-0.5364268352728434,35.64
2025-07-19T05:19:20.311742,-0.4566777787570346,35.259
2025-07-19T05:19:20.370348,-0.62117100552802,35.64
2025-07-19T05:19:20.427882,-0.5412189207747049,35.581
2025-07-19T05:19:20.469871,-0.6460822920249347,35.86
2025-07-19T05:19:20.516736,-0.44244047574699075,35.42
2025-07-19T05:19:20.596767,-0.5858505193999209,35.64
2025-07-19T05:19:20.646445,-0.6563697428153984,35.964
2025-07-19T05:19:20.702789,-0.5015946555614442,35.64
2025-07-19T05:19:20.757188,-0.49675769787784674,35.42
2025-07-19T05:19:20.811204,-0.5375548224393997,35.42
2025-07-19T05:19:20.869117,-0.641952891112655,35.802
2025-07-19T05:19:20.925669,-0.5315281176207064,35.64
2025-07-19T05:19:20.989210,-0.5605684830046216,35.64
2025-07-19T05:19:21.046809,-0.4842645748560372,35.36
2025-07-19T05:19:21.100897,-0.6129284138664706,35.64
2025-07-19T05:19:21.148664,-0.5614517658644608,35.64
2025-07-19T05:19:21.200558,-0.466888700810175,35.316
2025-07-19T05:19:21.252123,-0.6252255864695346,35.64
2025-07-19T05:19:21.302367,-0.6279123415042228,35.86
2025-07-19T05:19:21.361809,-0.6436608968383277,36.08
2025-07-19T05:19:21.415697,-0.6538203345947194,36.244
2025-07-19T05:19:21.469130,-0.7650165475479132,36.736
2025-07-19T05:19:21.536646,-0.5773389977364849,36.349
2025-07-19T05:19:21.634194,-0.6684512973164671,36.512
2025-07-19T05:19:21.734077,-1,38.346
2025-07-19T05:19:21.831596,-0.8961921233058091,38.64
2025-07-19T05:19:21.885944,-1,39.44
2025-07-19T05:19:21.947327,-1,40.014
2025-07-19T05:19:21.998942,-1,41.536
2025-07-19T05:19:22.075408,-1,42.0
2025-07-19T05:19:22.144117,-1,43.076
2025-07-19T05:19:22.199342,-1,43.676
2025-07-19T05:19:22.247675,-1,44.034
2025-07-19T05:19:22.305053,-1,44.28
2025-07-19T05:19:22.357875,-1,45.318
2025-07-19T05:19:22.410686,-1,45.75
2025-07-19T05:19:22.466318,-1,46.805
2025-07-19T05:19:22.525652,-1,47.498
2025-07-19T05:19:22.583604,-1,47.94
2025-07-19T05:19:22.643829,-1,47.94
2025-07-19T05:19:22.709268,-1,48.88
2025-07-19T05:19:22.773844,-1,49.518
2025-07-19T05:19:22.834503,-1,49.408
2025-07-19T05:19:22.888434,-1,49.344
2025-07-19T05:19:22.950210,-1,50.18
2025-07-19T05:19:23.000717,-1,50.246
2025-07-19T05:19:23.068520,-1,50.615
2025-07-19T05:19:23.124050,-1,50.424
2025-07-19T05:19:23.182831,-1,51.338
2025-07-19T05:19:23.238735,-1,50.997
2025-07-19T05:19:23.291620,-1,51.338
2025-07-19T05:19:23.357522,-1,50.997
2025-07-19T05:19:23.415909,-1,51.648
2025-07-19T05:19:23.470672,-1,51.264
2025-07-19T05:19:23.525052,-1,51.48
2025-07-19T05:19:23.587699,-1,51.48
2025-07-19T05:19:23.640574,-1,51.94
2025-07-19T05:19:23.698502,-1,52.47
2025-07-19T05:19:23.755678,-1,52.402
2025-07-19T05:19:23.819903,-1,52.668
2025-07-19T05:19:23.897093,-1,52.668
2025-07-19T05:19:23.957994,-1,52.668
2025-07-19T05:19:24.015909,-1,52.47
2025-07-19T05:19:24.064816,-1,52.934
2025-07-19T05:19:24.133982,-1,52.866
2025-07-19T05:19:24.205205,-1,53.332
2025-07-19T05:19:24.282880,-1,52.402
2025-07-19T05:19:24.340292,-1,52.796
2025-07-19T05:19:24.394354,-1,53.262
2025-07-19T05:19:24.443892,-1,53.064
2025-07-19T05:19:24.497822,-1,52.599
2025-07-19T05:19:24.556620,-1,53.262
2025-07-19T05:19:24.611525,-1,53.262
2025-07-19T05:19:24.667057,-1,53.387
2025-07-19T05:19:24.723504,-1,53.6
2025-07-19T05:19:24.793465,-1,53.064
2025-07-19T05:19:24.861433,-1,53.262
2025-07-19T05:19:24.909959,-1,52.993
2025-07-19T05:19:24.966780,-1,53.332
2025-07-19T05:19:25.019679,-1,52.599
2025-07-19T05:19:25.075483,-1,52.136
2025-07-19T05:19:25.121129,-1,51.48
2025-07-19T05:19:25.175533,-1,50.634
2025-07-19T05:19:25.230222,-1,49.987
2025-07-19T05:19:25.297309,-1,49.152
2025-07-19T05:19:25.364764,-1,46.736
2025-07-19T05:19:25.422419,-1,45.75
2025-07-19T05:19:25.470273,-1,44.707
2025-07-19T05:19:25.519966,-1,43.56
2025-07-19T05:19:25.592883,-1,42.303
2025-07-19T05:19:25.654722,-1,41.238
2025-07-19T05:19:25.715147,-0.7691693066610532,39.61
2025-07-19T05:19:25.767983,-0.576510149610159,38.014
2025-07-19T05:19:25.828932,-0.92326799302212,38.18
2025-07-19T05:19:25.901814,-0.5238730129924098,36.612
2025-07-19T05:19:25.973461,-0.25858729256903534,34.602
2025-07-19T05:19:26.032585,-0.2956100099045037,33.696
2025-07-19T05:19:26.103443,-0.1675479517056358,32.528
2025-07-19T05:19:26.178501,-0.26130362481612696,32.224
2025-07-19T05:19:26.240387,0.0991357836261137,30.694
2025-07-19T05:19:26.303783,0.21225029903453424,29.29
2025-07-19T05:19:26.364380,0.14637708931716004,28.71
2025-07-19T05:19:26.419913,0.4519869915368913,27.264
2025-07-19T05:19:26.486913,0.29034595994607304,26.88
2025-07-19T05:19:26.555739,0.5090091328935098,25.756
2025-07-19T05:19:26.615237,0.6135521526589597,24.759
2025-07-19T05:19:26.671147,0.4460289466890882,24.759
2025-07-19T05:19:26.734063,0.6636759766283352,23.92
2025-07-19T05:19:26.795198,0.7767715676227913,22.987
2025-07-19T05:19:26.860882,0.9453319246675266,21.716
2025-07-19T05:19:26.926131,0.8450691035488493,21.35
2025-07-19T05:19:26.988524,0.8804272943610676,21.0
2025-07-19T05:19:27.042463,0.9087206690013915,20.706
2025-07-19T05:19:27.102466,1,20.06
2025-07-19T05:19:27.160620,0.9842704326958315,19.824
2025-07-19T05:19:27.215276,1,19.588
2025-07-19T05:19:27.278004,0.9648925874048477,19.602
2025-07-19T05:19:27.329896,1,19.32
2025-07-19T05:19:27.386144,1,18.998
2025-07-19T05:19:27.443402,0.9736365165016365,19.2
2025-07-19T05:19:27.505726,1,18.603
2025-07-19T05:19:27.576271,0.9939176268213609,18.921
2025-07-19T05:19:27.635364,1,19.04
2025-07-19T05:19:27.686820,1,18.88
2025-07-19T05:19:27.749751,1,18.486
2025-07-19T05:19:27.802402,1,18.72
2025-07-19T05:19:27.861365,1,18.486
2025-07-19T05:19:27.925618,1,18.444
2025-07-19T05:19:28.015097,1,18.72
2025-07-19T05:19:28.072481,1,18.603
2025-07-19T05:19:28.135610,1,18.515
2025-07-19T05:19:28.211906,1,18.328
2025-07-19T05:19:28.267108,1,18.444
2025-07-19T05:19:28.332391,1,18.486
2025-07-19T05:19:28.407849,1,18.762
2025-07-19T05:19:28.468961,1,18.17
2025-07-19T05:19:28.531307,0.9806898876533079,18.72
2025-07-19T05:19:28.587741,1,18.486
2025-07-19T05:19:28.637315,1,17.98
2025-07-19T05:19:28.689872,1,18.369
2025-07-19T05:19:28.752901,1,18.369
2025-07-19T05:19:28.813395,1,18.135
2025-07-19T05:19:28.877640,1,17.864
2025-07-19T05:19:28.937517,0.9831287661155883,18.526
2025-07-19T05:19:29.015331,1,17.71
2025-07-19T05:19:29.095582,1,17.901
2025-07-19T05:19:29.164241,1,18.018
2025-07-19T05:19:29.233719,1,17.48
2025-07-19T05:19:29.302508,1,17.632
2025-07-19T05:19:29.364829,1,17.748
2025-07-19T05:19:29.429548,1,17.25
2025-07-19T05:19:29.493432,1,17.365
2025-07-19T05:19:29.556072,1,17.135
2025-07-19T05:19:29.618833,1,17.02
2025-07-19T05:19:29.679510,1,17.135
2025-07-19T05:19:29.739121,1,17.365
2025-07-19T05:19:29.798984,1,16.872
2025-07-19T05:19:29.857269,1,17.02
2025-07-19T05:19:29.916009,1,16.905
2025-07-19T05:19:30.004143,1,16.872
2025-07-19T05:19:30.087025,1,16.53
2025-07-19T05:19:30.155186,1,16.758
2025-07-19T05:19:30.221087,1,16.758
2025-07-19T05:19:30.299580,1,16.79
2025-07-19T05:19:30.380335,1,16.644
2025-07-19T05:19:30.443005,1,16.611
2025-07-19T05:19:30.501919,1,16.302
2025-07-19T05:19:30.562812,1,16.416
2025-07-19T05:19:30.639013,1,16.24
2025-07-19T05:19:30.701865,1,16.385
2025-07-19T05:19:30.770830,1,16.53
2025-07-19T05:19:30.836234,1,16.53
2025-07-19T05:19:30.890097,1,16.675
2025-07-19T05:19:30.944771,1,16.675
2025-07-19T05:19:31.024791,1,17.052
2025-07-19T05:19:31.092896,1,17.433
2025-07-19T05:19:31.167127,1,17.582
2025-07-19T05:19:31.227630,1,17.936
2025-07-19T05:19:31.294385,1,18.054
2025-07-19T05:19:31.362466,1,18.29
2025-07-19T05:19:31.429624,1,18.252
2025-07-19T05:19:31.487957,0.868959122526601,19.32
2025-07-19T05:19:31.552585,0.9757793297261055,19.602
2025-07-19T05:19:31.617699,0.7710537749775406,20.584
2025-07-19T05:19:31.675559,0.9922542131728236,20.328
2025-07-19T05:19:31.737095,0.7957354353563454,20.91
2025-07-19T05:19:31.806724,0.6744750972199681,21.798
2025-07-19T05:19:31.890355,0.5350828137545605,23.01
2025-07-19T05:19:31.955355,0.4266136538303068,24.024
2025-07-19T05:19:32.027032,0.365397691131826,24.924
2025-07-19T05:19:32.099713,-0.04291855887990342,27.17
2025-07-19T05:19:32.174326,0.0992706586354535,27.885
2025-07-19T05:19:32.249410,-0.13594182348501654,29.304
2025-07-19T05:19:32.326341,-0.09492858232706503,29.949
2025-07-19T05:19:32.400959,-0.17604382724154377,30.653
2025-07-19T05:19:32.486428,-0.4934746271756625,32.55
2025-07-19T05:19:32.555579,-0.39937297278709066,33.072
2025-07-19T05:19:32.620827,-0.4715928186982337,33.654
2025-07-19T05:19:32.682491,-0.7049438097243862,34.88
2025-07-19T05:19:32.745793,-0.8103721283622696,36.064
2025-07-19T05:19:32.803133,-0.8369131476675779,36.838
2025-07-19T05:19:32.865436,-0.8898752628088333,37.556
2025-07-19T05:19:32.932782,-0.7379681043706343,37.408
2025-07-19T05:19:33.004761,-0.814190701380279,37.632
2025-07-19T05:19:33.067684,-0.9760719215601582,38.376
2025-07-19T05:19:33.134812,-1,39.176
2025-07-19T05:19:33.211784,-1,39.48
2025-07-19T05:19:33.287540,-0.9855782055779176,39.546
2025-07-19T05:19:33.349079,-1,40.12
2025-07-19T05:19:33.407370,-1,40.248
2025-07-19T05:19:33.478192,-1,40.764
2025-07-19T05:19:33.564399,-1,40.527
2025-07-19T05:19:33.629333,-1,41.174
2025-07-19T05:19:33.687175,-1,41.825
2025-07-19T05:19:33.755314,-1,42.175
2025-07-19T05:19:33.833936,-1,42.834
2025-07-19T05:19:33.895489,-1,42.592
2025-07-19T05:19:34.005441,-1,43.365
2025-07-19T05:19:34.138073,-1,43.542
2025-07-19T05:19:34.260706,-1,43.365
2025-07-19T05:19:34.343082,-1,43.719
2025-07-19T05:19:34.415012,-1,44.322
2025-07-19T05:19:34.506941,-1,43.542
2025-07-19T05:19:34.566280,-1,42.63
2025-07-19T05:19:34.629490,-0.6259721822165502,40.014
2025-07-19T05:19:34.710566,-0.6589036042330978,38.304
2025-07-19T05:19:34.787012,-0.6365157849057492,37.29
2025-07-19T05:19:34.859459,-0.5695084230060554,36.45
2025-07-19T05:19:34.927976,-0.6461408900621554,36.288
2025-07-19T05:19:35.021624,-0.5775790538267711,35.84
2025-07-19T05:19:35.088369,-0.5699768576869237,35.616
2025-07-19T05:19:35.156383,-0.6747621801477494,35.903
2025-07-19T05:19:35.226801,-0.6177396610115264,35.84
2025-07-19T05:19:35.296456,-0.7362310286453122,36.288
2025-07-19T05:19:35.379278,-0.6007718007271063,35.964
2025-07-19T05:19:35.443459,-0.5990719166018202,35.802
2025-07-19T05:19:35.517093,-0.5863982710813463,35.64
2025-07-19T05:19:35.585514,-0.6339006204550807,35.742
2025-07-19T05:19:35.657623,-0.528018230077767,35.36
2025-07-19T05:19:35.726034,-0.7844605564046515,36.186
2025-07-19T05:19:35.787354,-0.6055274046811692,35.964
2025-07-19T05:19:35.852489,-0.683447730893543,36.126
2025-07-19T05:19:35.919246,-0.6188998848769692,35.964
2025-07-19T05:19:35.979253,-0.64353325281659,35.964
2025-07-19T05:19:36.053187,-0.6820928420928346,36.126
2025-07-19T05:19:36.117129,-0.660578114011205,36.126
2025-07-19T05:19:36.183137,-0.6609827031082985,36.126
2025-07-19T05:19:36.252191,-0.5813159989176336,35.802
2025-07-19T05:19:36.357018,-0.7043202480785881,36.186
2025-07-19T05:19:36.431669,-0.6544542862357308,36.126
2025-07-19T05:19:36.496429,-0.5651383508936599,35.742
2025-07-19T05:19:36.569634,-0.6248816563207307,35.742
2025-07-19T05:19:36.646490,-0.6994367419154787,36.064
2025-07-19T05:19:36.727134,-0.6488442599920853,36.023
2025-07-19T05:19:36.798278,-0.6012189294688859,35.802
2025-07-19T05:19:36.873508,-0.6326825382663237,35.802
2025-07-19T05:19:36.930550,-0.7387553225207029,36.186
2025-07-19T05:19:36.986835,-0.5651297739925079,35.802
2025-07-19T05:19:37.060326,-0.6337885068537648,35.802
2025-07-19T05:19:37.126744,-0.6747902904293712,35.964
2025-07-19T05:19:37.195706,-0.6111027835145615,35.802
2025-07-19T05:19:37.278868,-0.5636791139339636,35.478
2025-07-19T05:19:37.350265,-0.680843509596393,35.802
2025-07-19T05:19:37.426992,-0.5985631459682299,35.64
2025-07-19T05:19:37.505081,-0.620127478448116,35.64
2025-07-19T05:19:37.575877,-0.766336061341791,36.244
2025-07-19T05:19:37.651920,-0.49005484278575223,35.42
2025-07-19T05:19:37.717967,-0.7095168104790414,35.86
2025-07-19T05:19:37.779872,-0.42920823147892745,35.04
2025-07-19T05:19:37.855117,-0.6777598502003013,35.534
2025-07-19T05:19:37.925980,-0.5594378179926477,35.316
2025-07-19T05:19:37.988672,-0.5485246534286119,35.154
2025-07-19T05:19:38.069578,-0.5981176172787559,35.259
2025-07-19T05:19:38.140477,-0.6519237716916757,35.534
2025-07-19T05:19:38.198290,-0.4946797341592228,35.098
2025-07-19T05:19:38.269429,-0.5835477818429515,35.154
2025-07-19T05:19:38.352341,-0.660058973661751,35.534
2025-07-19T05:19:38.426818,-0.4876780958330584,34.992
2025-07-19T05:19:38.501748,-0.6112974600427349,35.208
2025-07-19T05:19:38.579629,-0.6072968901837351,35.316
2025-07-19T05:19:38.666404,-0.5123430026222922,34.937
2025-07-19T05:19:38.747293,-0.6535277396206693,35.371
2025-07-19T05:19:38.826648,-0.5512565480757068,35.154
2025-07-19T05:19:38.928953,-0.5361650090023062,34.937
2025-07-19T05:19:38.994568,-0.5169057429985358,34.776
2025-07-19T05:19:39.058919,-0.5009778153623388,34.615
2025-07-19T05:19:39.120319,-0.6253107343484042,34.992
2025-07-19T05:19:39.200566,-0.4795158119128873,34.615
2025-07-19T05:19:39.296190,-0.4714459873364414,34.344
2025-07-19T05:19:39.373963,-0.4763519580145233,34.24
2025-07-19T05:19:39.456975,-0.3608442136194505,33.654
2025-07-19T05:19:39.544557,-0.511442344185817,34.026
2025-07-19T05:19:39.640897,-0.5017875976812057,34.185
2025-07-19T05:19:39.729713,-0.3390500493585913,33.496
2025-07-19T05:19:39.785844,-0.5047401909109193,33.812
2025-07-19T05:19:39.876747,-0.4604021574397738,33.867
2025-07-19T05:19:39.955436,-0.2863426841304436,33.127
2025-07-19T05:19:40.031079,-0.4172733614473436,33.284
2025-07-19T05:19:40.113290,-0.38440013838129944,33.228
2025-07-19T05:19:40.179905,-0.36616826369740657,33.127
2025-07-19T05:19:40.248096,-0.29101205255357615,32.76
2025-07-19T05:19:40.309887,-0.42666568502750246,33.072
2025-07-19T05:19:40.375288,-0.24432253072219265,32.55
2025-07-19T05:19:40.451321,-0.3113843763085354,32.494
2025-07-19T05:19:40.524709,-0.41912677649886065,32.916
2025-07-19T05:19:40.601594,-0.24172338128172122,32.395
2025-07-19T05:19:40.689692,-0.2977419279400926,32.34
2025-07-19T05:19:40.771743,-0.3383206857640684,32.494
2025-07-19T05:19:40.858423,-0.2984500168184247,32.395
2025-07-19T05:19:40.929130,-0.29676303424951417,32.34
2025-07-19T05:19:41.002620,-0.1466701565625116,31.671
2025-07-19T05:19:41.090722,-0.19370825274144715,31.464
2025-07-19T05:19:41.192901,-0.21734041280670818,31.464
2025-07-19T05:19:41.284844,-0.14271639454947022,31.106
2025-07-19T05:19:41.363862,-0.14748038301810942,30.955
2025-07-19T05:19:41.433442,-0.1532145737909488,30.9
2025-07-19T05:19:41.514324,-0.14857119182142273,30.843
2025-07-19T05:19:41.581655,0.006191520080446072,30.192
2025-07-19T05:19:41.653825,-0.07687349991334023,30.135
2025-07-19T05:19:41.745180,-0.09673100139654242,30.192
2025-07-19T05:19:41.829469,-0.05813571452065852,30.044
2025-07-19T05:19:41.919049,-0.10702281527567556,30.192
2025-07-19T05:19:41.984786,-0.0020274354027539424,29.841
2025-07-19T05:19:42.061032,-0.1023083915773274,30.044
2025-07-19T05:19:42.136045,-0.11025989758553166,30.192
2025-07-19T05:19:42.217297,-0.1360644129796597,30.396
2025-07-19T05:19:42.290869,-0.06284343752633492,30.192
2025-07-19T05:19:42.363730,-0.05538431203473161,30.044
2025-07-19T05:19:42.443832,-0.10905629015857418,30.192
2025-07-19T05:19:42.515364,0.36980729082946456,28.28
2025-07-19T05:19:42.587564,-0.013961597130531633,28.764
2025-07-19T05:19:42.663860,0.07110841431917814,28.684
2025-07-19T05:19:42.738970,0.0935912685908942,28.542
2025-07-19T05:19:42.805987,0.004042058750639808,28.826
2025-07-19T05:19:42.881868,0.04660832742349266,28.826
2025-07-19T05:19:42.982627,0.1277278485098199,28.42
2025-07-19T05:19:43.064687,-0.0475779612370006,29.029
2025-07-19T05:19:43.148335,-0.1839562178431121,29.988
2025-07-19T05:19:43.243905,0.15625068624271976,28.886
2025-07-19T05:19:43.348176,0.0014191186539154674,29.088
2025-07-19T05:19:43.412425,0.03604258466130907,29.029
2025-07-19T05:19:43.474267,0.2218025251357335,28.28
2025-07-19T05:19:43.540894,-0.04967479972728071,28.886
2025-07-19T05:19:43.614920,0.05547679982968047,28.826
2025-07-19T05:19:43.686948,0.033122380019364205,28.886
2025-07-19T05:19:43.769317,0.13106198810288883,28.482
2025-07-19T05:19:43.854498,-0.28955019941331733,30.192
2025-07-19T05:19:43.944405,0.19960891316468812,28.826
2025-07-19T05:19:44.023389,-0.2743646797139834,30.247
2025-07-19T05:19:44.120047,0.23605219915125678,28.623
2025-07-19T05:19:44.211518,-0.3030785314040789,30.396
2025-07-19T05:19:44.301660,0.00791268165957014,29.841
2025-07-19T05:19:44.377378,-0.08782052049392565,29.988
2025-07-19T05:19:44.451271,-0.10306815819446068,30.135
2025-07-19T05:19:44.525272,-0.048600025852220397,29.988
2025-07-19T05:19:44.609257,-0.11336684699526373,30.192
2025-07-19T05:19:44.681785,-0.05386675663136462,30.044
2025-07-19T05:19:44.756419,-0.10871481385054947,30.192
2025-07-19T05:19:44.842294,-0.19754666899974682,30.694
2025-07-19T05:19:44.925847,0.01598902431609292,29.988
2025-07-19T05:19:44.994049,-0.16915882361636297,30.396
2025-07-19T05:19:45.080820,0.14121526963888065,29.232
2025-07-19T05:19:45.147193,0.10899098084987216,28.826
2025-07-19T05:19:45.212825,-0.2970033159135454,30.192
2025-07-19T05:19:45.293212,0.14004828675146463,29.172
2025-07-19T05:19:45.378611,-0.13201454115359526,29.841
2025-07-19T05:19:45.465361,-0.20528866422813385,30.545
2025-07-19T05:19:45.544550,0.218986004571892,29.029
2025-07-19T05:19:45.621437,-0.28694188624726935,30.396
2025-07-19T05:19:45.727413,0.14519915056561655,29.088
2025-07-19T05:19:45.826734,-0.15886995077011778,29.988
2025-07-19T05:19:45.913799,0.10742200576317851,29.172
2025-07-19T05:19:46.004553,-0.029344600408419446,29.376
2025-07-19T05:19:46.080939,-0.24233960747407887,30.396
2025-07-19T05:19:46.175487,-0.10899127640926895,30.396
2025-07-19T05:19:46.251637,0.2544510388482667,28.826
2025-07-19T05:19:46.321095,-0.37096760112612087,30.545
2025-07-19T05:19:46.397481,0.005273394587348115,29.988
2025-07-19T05:19:46.480212,-0.15801501809879284,30.396
2025-07-19T05:19:46.556443,-0.1090020783914624,30.396
2025-07-19T05:19:46.634291,-0.04940297195146226,30.135
2025-07-19T05:19:46.712555,-0.09591260394506794,30.192
2025-07-19T05:19:46.797134,-0.07620662599484894,30.135
2025-07-19T05:19:46.886030,-0.06358078215454636,30.044
2025-07-19T05:19:46.970140,-0.07384665552746728,30.044
2025-07-19T05:19:47.048632,0.15761558521626784,29.029
2025-07-19T05:19:47.129252,-0.27799523380753055,30.396
2025-07-19T05:19:47.212547,0.11529870344694809,29.376
2025-07-19T05:19:47.295195,0.1147137535525757,28.826
2025-07-19T05:19:47.386422,0.005561244260720397,29.029
2025-07-19T05:19:47.504951,0.0017186361868618515,29.172
2025-07-19T05:19:47.612998,-0.19327442990158233,30.247
2025-07-19T05:19:47.738359,-0.08392120568415119,30.192
2025-07-19T05:19:47.861991,-0.1252448628182588,30.396
2025-07-19T05:19:47.942404,-0.10879865783340002,30.396
2025-07-19T05:19:48.038966,-0.13917458474645242,30.545
2025-07-19T05:19:48.126312,-0.047924667044825016,30.192
2025-07-19T05:19:48.207028,-0.12168411095039505,30.34
2025-07-19T05:19:48.287341,-0.10332288411581239,30.34
2025-07-19T05:19:48.368628,-0.2284693880461863,30.9
2025-07-19T05:19:48.437103,-0.07225576573895263,30.545
2025-07-19T05:19:48.509729,-0.12397282930097765,30.545
2025-07-19T05:19:48.580598,-0.12401115779283839,30.545
2025-07-19T05:19:48.662994,-0.2477674711382804,31.106
2025-07-19T05:19:48.745845,-0.21377395743515717,31.257
2025-07-19T05:19:48.831766,-0.041958847989094494,30.545
2025-07-19T05:19:48.916360,-0.1568295755088943,30.694
2025-07-19T05:19:48.992101,-0.10469878243489883,30.545
2025-07-19T05:19:49.072370,-0.15789404755251496,30.694
2025-07-19T05:19:49.170599,-0.24183477544873755,31.2
2025-07-19T05:19:49.288009,-0.20070399359463445,31.257
2025-07-19T05:19:49.388371,-0.2677086825665974,31.616
2025-07-19T05:19:49.489228,-0.3150108025493782,32.032
2025-07-19T05:19:49.575978,-0.18420804552367692,31.616
2025-07-19T05:19:49.652025,-0.33777361164876196,32.072
2025-07-19T05:19:49.746642,-0.3531399902962957,32.436
2025-07-19T05:19:49.825003,-0.21031393104023816,31.977
2025-07-19T05:19:49.909474,-0.22343794039900983,31.768
2025-07-19T05:19:49.987308,-0.2960855953499936,31.977
2025-07-19T05:19:50.068486,-0.1887969792246953,31.616
2025-07-19T05:19:50.151956,-0.3130720198144963,31.977
2025-07-19T05:19:50.245517,-0.2265970945112615,31.768
2025-07-19T05:19:50.344638,-0.21840749037288956,31.616
2025-07-19T05:19:50.421094,-0.28217944398305145,31.824
2025-07-19T05:19:50.502716,-0.25483832346156504,31.824
2025-07-19T05:19:50.601963,-0.25501926711612655,31.824
2025-07-19T05:19:50.693765,-0.2752503678186916,31.92
2025-07-19T05:19:50.779877,-0.3342395382104813,32.24
2025-07-19T05:19:50.898481,-0.15415465731451472,31.464
2025-07-19T05:19:50.996666,-0.21970577163617133,31.464
2025-07-19T05:19:51.074880,-0.13813100877994436,31.106
2025-07-19T05:19:51.143965,0.06789631979292068,30.076
2025-07-19T05:19:51.222240,-0.35014730319994947,31.257
2025-07-19T05:19:51.305821,0.10631484832209917,29.87
2025-07-19T05:19:51.380378,-0.41944771639957024,31.408
2025-07-19T05:19:51.449146,-0.3028410932296248,31.768
2025-07-19T05:19:51.526377,0.23233228607487855,29.664
2025-07-19T05:19:51.600009,-0.4159083937969456,31.257
2025-07-19T05:19:51.680536,0.15762261842497652,29.664
2025-07-19T05:19:51.763074,-0.3799482833560125,31.2
2025-07-19T05:19:51.848796,0.10763531872672251,29.808
2025-07-19T05:19:51.938140,-0.3180063508111678,31.05
2025-07-19T05:19:52.028116,-0.21070468908293308,31.2
2025-07-19T05:19:52.134217,-0.16499791988652554,31.05
2025-07-19T05:19:52.219591,-0.2117977100955224,31.2
2025-07-19T05:19:52.290450,-0.18003374123276833,31.141
2025-07-19T05:19:52.382844,-0.16959739338358928,31.05
2025-07-19T05:19:52.461934,-0.2607720579499476,31.408
2025-07-19T05:19:52.539267,-0.2846352524754225,31.71
2025-07-19T05:19:52.609064,-0.22301665825887212,31.616
2025-07-19T05:19:52.678136,-0.27374326570744023,31.768
2025-07-19T05:19:52.760253,-0.23899202181518928,31.71
2025-07-19T05:19:52.845122,-0.2132234087953369,31.559
2025-07-19T05:19:52.940780,-0.26208068694098313,31.71
2025-07-19T05:19:53.026950,-0.10352823014481392,31.05
2025-07-19T05:19:53.127631,-0.24026325881155705,31.35
2025-07-19T05:19:53.241990,-0.2107232359583009,31.35
2025-07-19T05:19:53.360786,-0.15565082737392913,31.05
2025-07-19T05:19:53.435590,-0.2998390411064055,31.559
2025-07-19T05:19:53.521057,-0.1866076234107964,31.35
2025-07-19T05:19:53.608141,-0.2683543472688536,31.616
2025-07-19T05:19:53.683406,-0.07108026013222728,30.9
2025-07-19T05:19:53.764366,-0.18692051600067414,30.992
2025-07-19T05:19:53.850837,-0.2529111525955002,31.35
2025-07-19T05:19:53.940450,-0.1481143466749744,31.05
2025-07-19T05:19:54.027704,0.16082058260442766,29.458
2025-07-19T05:19:54.122597,-0.3795153495431385,31.2
2025-07-19T05:19:54.205381,-0.19674237289092952,31.2
2025-07-19T05:19:54.305670,-0.1852607348405842,31.141
2025-07-19T05:19:54.394462,-0.2673638019010234,31.5
2025-07-19T05:19:54.494145,-0.19693757557187166,31.35
2025-07-19T05:19:54.593829,-0.2840715546951563,31.71
2025-07-19T05:19:54.677024,-0.2021857811616341,31.5
2025-07-19T05:19:54.760425,-0.2405285106436705,31.559
2025-07-19T05:19:54.839231,-0.2201819916631243,31.5
2025-07-19T05:19:54.977648,-0.31009013927136925,31.977
2025-07-19T05:19:55.065519,-0.14170954664320692,31.35
2025-07-19T05:19:55.210527,-0.3098088336260123,31.92
2025-07-19T05:19:55.371205,-0.24598246981670682,31.768
2025-07-19T05:19:55.461880,-0.17993371914223513,31.408
2025-07-19T05:19:55.550925,-0.2522581940898344,31.559
2025-07-19T05:19:55.658270,-0.2748749313147453,31.768
2025-07-19T05:19:55.786859,-0.293286515720904,31.977
2025-07-19T05:19:55.867431,-0.1834400409824422,31.559
2025-07-19T05:19:55.957174,-0.22302662486004246,31.5
2025-07-19T05:19:56.047939,-0.24214072872475997,31.559
2025-07-19T05:19:56.123695,-0.23575787611915655,31.559
2025-07-19T05:19:56.217046,-0.23590311956374163,31.559
2025-07-19T05:19:56.304525,-0.23603980184713536,31.559
2025-07-19T05:19:56.388321,-0.23616999172023445,31.559
2025-07-19T05:19:56.473621,-0.19080372486347488,31.35
2025-07-19T05:19:56.540387,-0.267582730989204,31.559
2025-07-19T05:19:56.645351,-0.20709081639199692,31.408
2025-07-19T05:19:56.743582,-0.24015289750036653,31.5
2025-07-19T05:19:56.821636,-0.2788239729156267,31.71
2025-07-19T05:19:56.903673,-0.21854861102833112,31.559
2025-07-19T05:19:56.989272,-0.3154301519416455,31.92
2025-07-19T05:19:57.060778,-0.23683178908400374,31.768
2025-07-19T05:19:57.138680,-0.29298217514287084,31.92
2025-07-19T05:19:57.222226,-0.20692212630144258,31.616
2025-07-19T05:19:57.293544,-0.19336083179735053,31.408
2025-07-19T05:19:57.370262,-0.25743318740504684,31.559
2025-07-19T05:19:57.454965,-0.20486561667771797,31.408
2025-07-19T05:19:57.537876,-0.3145063269596557,31.824
2025-07-19T05:19:57.624268,-0.21955339379352254,31.616
2025-07-19T05:19:57.704674,-0.2312582656049965,31.559
2025-07-19T05:19:57.803871,-0.2080947259321216,31.408
2025-07-19T05:19:57.891275,-0.3206390457680261,31.861
2025-07-19T05:19:58.017192,-0.16060946280827,31.257
2025-07-19T05:19:58.101029,-0.32075957332675303,31.768
2025-07-19T05:19:58.193641,-0.2599483477076789,31.768
2025-07-19T05:19:58.285967,-0.2284502703845233,31.616
2025-07-19T05:19:58.378300,-0.13913010369514422,31.106
2025-07-19T05:19:58.466529,-0.3799753107558015,31.977
2025-07-19T05:19:58.551737,-0.24807269415859753,31.824
2025-07-19T05:19:58.641808,-0.22249732265879119,31.616
2025-07-19T05:19:58.716097,-0.2322175685239403,31.559
2025-07-19T05:19:58.824612,-0.24006076212468302,31.559
2025-07-19T05:19:58.921359,-0.2402112191755118,31.559
2025-07-19T05:19:59.036443,-0.2795764572237569,31.768
2025-07-19T05:19:59.116141,-0.2614558301225021,31.768
2025-07-19T05:19:59.216784,-0.26163400839872897,31.768
2025-07-19T05:19:59.313142,-0.28076936294364896,31.861
2025-07-19T05:19:59.398590,-0.2841226841277772,31.92
2025-07-19T05:19:59.469039,-0.27731267120050224,31.92
2025-07-19T05:19:59.545805,-0.3124833498391962,32.072
2025-07-19T05:19:59.625825,-0.25859623414352895,31.92
2025-07-19T05:19:59.705839,-0.24361160960764772,31.768
2025-07-19T05:19:59.770178,-0.3404178966104172,32.072
2025-07-19T05:19:59.874792,-0.19287534179279311,31.559
2025-07-19T05:19:59.978180,-0.24212328416948398,31.559
2025-07-19T05:20:00.061296,-0.25476594441432354,31.616
2025-07-19T05:20:00.139814,-0.21351829717304963,31.464
2025-07-19T05:20:00.237227,-0.11857560391778685,30.9
2025-07-19T05:20:00.342976,-0.2059522678032774,31.05
2025-07-19T05:20:00.437310,-0.19177132597186075,31.05
2025-07-19T05:20:00.531810,-0.20339842646842168,31.106
2025-07-19T05:20:00.622910,0.2531210148861681,28.968
2025-07-19T05:20:00.709713,0.03408609600124157,28.886
2025-07-19T05:20:00.807172,0.008204086870455329,28.968
2025-07-19T05:20:00.888396,-0.10652211009778585,29.52
2025-07-19T05:20:00.978775,-0.32933935587827784,30.9
2025-07-19T05:20:01.061592,-0.19701318276336774,30.992
2025-07-19T05:20:01.146835,-0.15361037989834922,30.843
2025-07-19T05:20:01.224179,-0.1711462319407775,30.843
2025-07-19T05:20:01.299967,0.3160233152030505,28.743
2025-07-19T05:20:01.385809,0.021071383001678056,28.826
2025-07-19T05:20:01.463048,-0.01574418567195701,29.029
2025-07-19T05:20:01.546268,0.08673992010746667,28.684
2025-07-19T05:20:01.619419,-0.5135092341185273,31.05
2025-07-19T05:20:01.701363,0.25740407847702385,29.029
2025-07-19T05:20:01.789096,-0.01988796807749411,29.172
2025-07-19T05:20:01.869091,0.07433431107374679,28.826
2025-07-19T05:20:01.946951,-0.0012839796377184277,28.968
2025-07-19T05:20:02.045275,0.01708452042476534,28.968
2025-07-19T05:20:02.139143,-0.012136174791135941,29.11
2025-07-19T05:20:02.227322,0.07694919569373726,28.764
2025-07-19T05:20:02.321418,-0.004293906769853646,28.968
2025-07-19T05:20:02.401902,-0.028381289355100866,29.172
2025-07-19T05:20:02.489969,0.015039174005315301,29.088
2025-07-19T05:20:02.583969,0.017792286087490162,29.029
2025-07-19T05:20:02.676285,-0.01819305170336753,29.172
2025-07-19T05:20:02.782085,0.025226329940856267,29.029
2025-07-19T05:20:02.864176,0.05675170322701693,28.826
2025-07-19T05:20:02.942020,-0.5236969280987425,31.257
2025-07-19T05:20:03.105319,-0.2021168759246268,31.2
2025-07-19T05:20:03.201663,-0.2173416192644812,31.257
2025-07-19T05:20:03.293015,0.29794937967771856,28.826
2025-07-19T05:20:03.383591,-0.468096550416911,31.2
2025-07-19T05:20:03.468871,-0.09516549318766515,30.694
2025-07-19T05:20:03.556906,-0.24273989287461467,31.106
2025-07-19T05:20:03.640768,-0.1389103333799734,30.843
2025-07-19T05:20:03.721793,-0.12405347088803284,30.636
2025-07-19T05:20:03.798390,-0.24518448382119293,31.05
2025-07-19T05:20:03.886755,-0.14704372122471862,30.843
2025-07-19T05:20:03.966838,-0.2508573843896265,31.2
2025-07-19T05:20:04.064568,-0.17601554840633846,31.05
2025-07-19T05:20:04.146072,-0.1451860370577489,30.843
2025-07-19T05:20:04.242352,-0.28572990762857275,31.408
2025-07-19T05:20:04.331820,-0.10777641278240392,30.843
2025-07-19T05:20:04.426341,-0.18275520240389587,30.9
2025-07-19T05:20:04.506088,-0.2573490394885081,31.257
2025-07-19T05:20:04.577661,0.3214058406323166,29.029
2025-07-19T05:20:04.675857,0.039304182471278204,28.886
2025-07-19T05:20:04.758547,0.03812063216129803,28.826
2025-07-19T05:20:04.832661,0.07881364565921009,28.623
2025-07-19T05:20:04.911681,0.02428021303020327,28.743
2025-07-19T05:20:05.015070,0.051092941347397836,28.684
2025-07-19T05:20:05.118357,0.09777628506011793,28.42
2025-07-19T05:20:05.219499,0.004024933659395623,28.764
2025-07-19T05:20:05.340278,0.10076791437385105,28.42
2025-07-19T05:20:05.441473,0.0022156230048271386,28.773
2025-07-19T05:20:05.533319,0.153429025642886,28.217
2025-07-19T05:20:05.622973,0.2945882178636592,27.27
2025-07-19T05:20:05.715091,0.11794786263574261,27.608
2025-07-19T05:20:05.796104,0.15441213271789778,27.608
2025-07-19T05:20:05.888893,-0.015866147137459402,28.428
2025-07-19T05:20:05.979001,0.23455381989489488,27.661
2025-07-19T05:20:06.054264,-0.02897049194188836,28.428
2025-07-19T05:20:06.138966,0.1332324669892627,28.152
2025-07-19T05:20:06.226792,0.07129305638945198,28.29
2025-07-19T05:20:06.312936,0.08714133240547867,28.29
2025-07-19T05:20:06.400708,0.1463586948304456,28.014
2025-07-19T05:20:06.484587,0.14447242213897876,27.88
2025-07-19T05:20:06.567005,0.05780909612594675,28.2
2025-07-19T05:20:06.642991,0.1869226833313288,27.811
2025-07-19T05:20:06.717995,-0.02381550154679063,28.495
2025-07-19T05:20:06.799683,0.11317690163922837,28.29
2025-07-19T05:20:06.881360,0.057514139868954955,28.428
2025-07-19T05:20:06.957515,0.10644120577339508,28.29
2025-07-19T05:20:07.040234,0.11915512057074075,28.152
2025-07-19T05:20:07.128902,0.04402086288679416,28.428
2025-07-19T05:20:07.219252,0.09018576406231442,28.356
2025-07-19T05:20:07.295079,0.050213337369039684,28.495
2025-07-19T05:20:07.388473,0.1110872566953394,28.29
2025-07-19T05:20:07.486909,0.14475367439225917,28.014
2025-07-19T05:20:07.589525,-0.04636825669238552,28.84
2025-07-19T05:20:07.676326,0.1526387584201503,28.29
2025-07-19T05:20:07.771969,0.13166897094099433,28.085
2025-07-19T05:20:07.860480,0.023000436298442353,28.495
2025-07-19T05:20:07.944266,0.08425796300621172,28.428
2025-07-19T05:20:08.046776,0.10339637401868457,28.29
2025-07-19T05:20:08.128075,0.044509061643018974,28.495
2025-07-19T05:20:08.215856,0.06987462474333736,28.495
2025-07-19T05:20:08.297491,0.1463002419251378,28.152
2025-07-19T05:20:08.393316,0.034210549772283584,28.495
2025-07-19T05:20:08.477596,0.11504472794540677,28.29
2025-07-19T05:20:08.554545,0.12267513158897489,28.152
2025-07-19T05:20:08.641434,0.04552396067784814,28.428
2025-07-19T05:20:08.732329,0.09258236820242288,28.356
2025-07-19T05:20:08.812998,0.007491336659030463,28.7
2025-07-19T05:20:08.903495,0.09353428212929543,28.495
2025-07-19T05:20:08.995230,0.013040311040170116,28.773
2025-07-19T05:20:09.082817,0.176498336297699,28.152
2025-07-19T05:20:09.172916,0.0036304035977239926,28.634
2025-07-19T05:20:09.279835,0.04488366990823689,28.7
2025-07-19T05:20:09.360368,0.019740463052263433,28.84
2025-07-19T05:20:09.447578,0.067302638047269,28.7
2025-07-19T05:20:09.552961,0.14549302075718423,28.217
2025-07-19T05:20:09.639939,0.08416952667918257,28.29
2025-07-19T05:20:09.724754,0.04787473250451474,28.495
2025-07-19T05:20:09.816541,-0.028909334526547252,28.98
2025-07-19T05:20:09.912929,0.08088992457261511,28.7
2025-07-19T05:20:10.018550,0.10501936140593317,28.428
2025-07-19T05:20:10.123137,0.07943882935112384,28.428
2025-07-19T05:20:10.205368,0.03408592946557716,28.634
2025-07-19T05:20:10.322450,0.2244449510495441,27.744
2025-07-19T05:20:10.431863,0.07048157994349027,28.152
2025-07-19T05:20:10.534058,0.16242812489009267,27.876
2025-07-19T05:20:10.639023,0.17524746994470689,27.674
2025-07-19T05:20:10.743507,0.15612271226786667,27.674
2025-07-19T05:20:10.892328,0.11062307904920757,27.948
2025-07-19T05:20:11.001036,0.15556948606933646,27.811
2025-07-19T05:20:11.100660,0.06170434281412246,28.217
2025-07-19T05:20:11.183144,0.0412261254315857,28.495
2025-07-19T05:20:11.263463,0.18299823144840052,28.014
2025-07-19T05:20:11.350505,0.09364016309267323,28.152
2025-07-19T05:20:11.427044,0.07777696706105222,28.29
2025-07-19T05:20:11.503019,0.09594901124959619,28.29
2025-07-19T05:20:11.595675,0.2396605646694296,27.6
